"id";"license"
1;"(01)第004753号"
2;"(01)第004502号"
3;"(01)第004827号"
4;"(03)第003825号"
5;"(02)第004024号"
6;"(01)第004959号"
7;"(01)第004909号"
8;"(01)第004957号"
9;"(02)第004122号"
10;"(03)第003639号"
11;"(08)第002299号"
12;"(07)第002302号"
13;"(08)第002303号"
14;"(08)第001988号"
15;"(07)第002402号"
16;"(07)第002411号"
17;"(07)第002418号"
18;"(07)第002423号"
19;"(07)第002424号"
20;"(07)第002425号"
21;"(07)第002427号"
22;"(07)第002427号"
23;"(07)第002432号"
24;"(07)第002448号"
25;"(07)第002454号"
26;"(07)第002474号"
27;"(07)第002501号"
28;"(07)第002505号"
29;"(08)第001991号"
30;"(08)第001999号"
31;"(08)第002010号"
32;"(08)第002020号"
33;"(08)第002025号"
34;"(08)第002026号"
35;"(08)第002034号"
36;"(08)第002035号"
37;"(08)第002043号"
38;"(08)第002047号"
39;"(08)第002049号"
40;"(08)第002052号"
41;"(08)第002053号"
42;"(08)第002056号"
43;"(08)第002059号"
44;"(08)第002061号"
45;"(08)第002069号"
46;"(02)第004010号"
47;"(07)第002504号"
48;"(07)第002513号"
49;"(07)第002521号"
50;"(07)第002525号"
51;"(01)第004544号"
52;"(07)第002668号"
53;"(07)第002668号"
54;"(07)第002673号"
55;"(07)第002674号"
56;"(07)第002676号"
57;"(07)第002677号"
58;"(07)第002681号"
59;"(07)第002684号"
60;"(07)第002694号"
61;"(07)第002698号"
62;"(07)第002699号"
63;"(07)第002701号"
64;"(07)第002709号"
65;"(07)第002709号"
66;"(07)第002709号"
67;"(07)第002709号"
68;"(07)第002709号"
69;"(07)第002709号"
70;"(07)第002709号"
71;"(07)第002709号"
72;"(07)第002709号"
73;"(08)第002072号"
74;"(08)第002074号"
75;"(08)第002076号"
76;"(08)第002097号"
77;"(08)第002104号"
78;"(08)第002106号"
79;"(08)第002106号"
80;"(08)第002106号"
81;"(08)第002106号"
82;"(08)第002106号"
83;"(08)第002106号"
84;"(08)第002115号"
85;"(08)第002122号"
86;"(08)第002135号"
87;"(08)第002141号"
88;"(08)第002146号"
89;"(08)第002147号"
90;"(08)第002156号"
91;"(08)第002159号"
92;"(08)第002159号"
93;"(08)第002159号"
94;"(08)第002159号"
95;"(08)第002159号"
96;"(08)第002159号"
97;"(08)第002159号"
98;"(08)第002159号"
99;"(08)第002159号"
100;"(08)第002159号"
101;"(08)第002159号"
102;"(08)第002172号"
103;"(07)第002711号"
104;"(07)第002726号"
105;"(07)第002726号"
106;"(07)第002732号"
107;"(07)第002737号"
108;"(07)第002742号"
109;"(08)第002174号"
110;"(08)第002179号"
111;"(13)第000077号"
112;"(13)第000078号"
113;"(13)第000122号"
114;"(13)第000199号"
115;"(13)第000217号"
116;"(13)第000221号"
117;"(13)第000244号"
118;"(13)第000273号"
119;"(13)第000275号"
120;"(07)第002335号"
121;"(09)第001755号"
122;"(09)第001756号"
123;"(09)第001775号"
124;"(09)第001785号"
125;"(09)第001792号"
126;"(09)第001793号"
127;"(09)第001797号"
128;"(09)第001799号"
129;"(09)第001820号"
130;"(09)第001824号"
131;"(09)第001827号"
132;"(09)第001835号"
133;"(08)第001847号"
134;"(08)第001855号"
135;"(08)第001859号"
136;"(08)第001860号"
137;"(08)第001864号"
138;"(08)第001874号"
139;"(08)第002198号"
140;"(07)第002529号"
141;"(07)第002531号"
142;"(07)第002549号"
143;"(07)第002556号"
144;"(07)第002562号"
145;"(07)第002588号"
146;"(07)第002590号"
147;"(07)第002592号"
148;"(07)第002608号"
149;"(07)第002619号"
150;"(07)第002621号"
151;"(07)第002626号"
152;"(07)第002635号"
153;"(07)第002638号"
154;"(07)第002651号"
155;"(07)第002653号"
156;"(07)第002653号"
157;"(07)第002653号"
158;"(07)第002661号"
159;"(08)第001882号"
160;"(08)第001892号"
161;"(08)第001902号"
162;"(08)第001907号"
163;"(08)第001908号"
164;"(08)第001918号"
165;"(08)第001922号"
166;"(08)第001930号"
167;"(08)第001934号"
168;"(08)第001939号"
169;"(08)第001944号"
170;"(08)第001950号"
171;"(08)第001952号"
172;"(08)第001957号"
173;"(08)第001959号"
174;"(08)第001972号"
175;"(08)第001986号"
176;"(08)第002219号"
177;"(08)第002229号"
178;"(08)第002237号"
179;"(08)第002244号"
180;"(08)第002248号"
181;"(08)第002251号"
182;"(08)第002264号"
183;"(08)第002272号"
184;"(08)第002278号"
185;"(08)第002278号"
186;"(07)第002280号"
187;"(08)第002292号"
188;"(08)第002294号"
189;"(08)第002296号"
190;"(08)第002297号"
191;"(03)第003950号"
192;"(03)第003951号"
193;"(03)第003952号"
194;"(03)第003953号"
195;"(03)第003955号"
196;"(03)第003956号"
197;"(03)第003957号"
198;"(03)第003958号"
199;"(03)第003960号"
200;"(03)第003961号"
201;"(03)第003962号"
202;"(03)第003963号"
203;"(03)第003964号"
204;"(02)第004360号"
205;"(02)第004364号"
206;"(02)第004365号"
207;"(02)第004367号"
208;"(02)第004272号"
209;"(02)第004273号"
210;"(02)第004274号"
211;"(02)第004275号"
212;"(02)第004278号"
213;"(02)第004279号"
214;"(02)第004280号"
215;"(02)第004281号"
216;"(02)第004283号"
217;"(01)第004639号"
218;"(01)第004640号"
219;"(01)第004642号"
220;"(01)第004643号"
221;"(01)第004644号"
222;"(01)第004645号"
223;"(01)第004646号"
224;"(01)第004647号"
225;"(01)第004648号"
226;"(02)第004368号"
227;"(02)第004369号"
228;"(02)第004370号"
229;"(02)第004373号"
230;"(02)第004373号"
231;"(02)第004374号"
232;"(02)第004375号"
233;"(02)第004376号"
234;"(02)第004377号"
235;"(02)第004378号"
236;"(02)第004381号"
237;"(02)第004383号"
238;"(02)第004384号"
239;"(02)第004385号"
240;"(01)第004707号"
241;"(01)第004708号"
242;"(01)第004710号"
243;"(01)第004711号"
244;"(01)第004712号"
245;"(01)第004649号"
246;"(01)第004650号"
247;"(01)第004651号"
248;"(01)第004652号"
249;"(01)第004653号"
250;"(01)第004654号"
251;"(01)第004655号"
252;"(01)第004656号"
253;"(01)第004657号"
254;"(01)第004657号"
255;"(01)第004658号"
256;"(01)第004659号"
257;"(04)第003274号"
258;"(04)第003274号"
259;"(04)第003276号"
260;"(04)第003280号"
261;"(04)第003282号"
262;"(04)第003286号"
263;"(04)第003289号"
264;"(04)第003292号"
265;"(04)第003296号"
266;"(01)第004713号"
267;"(01)第004714号"
268;"(01)第004715号"
269;"(01)第004716号"
270;"(01)第004717号"
271;"(01)第004718号"
272;"(01)第004719号"
273;"(01)第004720号"
274;"(01)第004721号"
275;"(01)第004722号"
276;"(01)第004722号"
277;"(01)第004723号"
278;"(01)第004724号"
279;"(01)第004725号"
280;"(01)第004726号"
281;"(01)第004727号"
282;"(04)第003426号"
283;"(04)第003427号"
284;"(04)第003429号"
285;"(04)第003430号"
286;"(11)第000666号"
287;"(11)第000688号"
288;"(11)第000705号"
289;"(11)第000715号"
290;"(11)第000718号"
291;"(11)第000724号"
292;"(11)第000732号"
293;"(11)第000762号"
294;"(11)第000791号"
295;"(11)第000796号"
296;"(11)第000823号"
297;"(10)第000866号"
298;"(10)第001304号"
299;"(10)第001308号"
300;"(10)第001338号"
301;"(09)第001361号"
302;"(09)第001362号"
303;"(09)第001375号"
304;"(09)第001386号"
305;"(09)第001397号"
306;"(09)第001399号"
307;"(09)第001400号"
308;"(09)第001410号"
309;"(04)第003295号"
310;"(04)第003301号"
311;"(04)第003302号"
312;"(04)第003303号"
313;"(04)第003304号"
314;"(04)第003305号"
315;"(04)第003308号"
316;"(04)第003309号"
317;"(04)第003310号"
318;"(04)第003314号"
319;"(03)第003843号"
320;"(03)第003844号"
321;"(03)第003845号"
322;"(03)第003846号"
323;"(03)第003847号"
324;"(03)第003848号"
325;"(03)第003849号"
326;"(04)第003431号"
327;"(04)第003434号"
328;"(04)第003435号"
329;"(04)第003440号"
330;"(04)第003443号"
331;"(04)第003445号"
332;"(04)第003446号"
333;"(04)第003452号"
334;"(04)第003454号"
335;"(04)第003455号"
336;"(04)第003456号"
337;"(04)第003457号"
338;"(04)第003459号"
339;"(03)第003965号"
340;"(03)第003966号"
341;"(03)第003970号"
342;"(03)第003971号"
343;"(10)第000875号"
344;"(10)第000881号"
345;"(10)第000884号"
346;"(10)第000891号"
347;"(10)第000892号"
348;"(09)第001413号"
349;"(09)第001415号"
350;"(09)第001418号"
351;"(09)第001418号"
352;"(09)第001418号"
353;"(09)第001431号"
354;"(09)第001432号"
355;"(09)第001433号"
356;"(09)第001434号"
357;"(03)第003851号"
358;"(03)第003856号"
359;"(03)第003857号"
360;"(03)第003858号"
361;"(03)第003859号"
362;"(03)第003860号"
363;"(03)第003861号"
364;"(03)第003862号"
365;"(03)第003867号"
366;"(03)第003868号"
367;"(02)第004284号"
368;"(02)第004285号"
369;"(02)第004286号"
370;"(02)第004287号"
371;"(02)第004289号"
372;"(02)第004291号"
373;"(02)第004293号"
374;"(03)第003972号"
375;"(03)第003974号"
376;"(03)第003975号"
377;"(03)第003977号"
378;"(03)第003978号"
379;"(03)第003978号"
380;"(03)第003980号"
381;"(03)第003981号"
382;"(03)第003982号"
383;"(03)第003982号"
384;"(03)第003982号"
385;"(03)第003983号"
386;"(03)第003985号"
387;"(03)第003986号"
388;"(03)第003987号"
389;"(03)第003988号"
390;"(03)第003989号"
391;"(02)第004386号"
392;"(02)第004387号"
393;"(02)第004388号"
394;"(01)第004459号"
395;"(02)第004294号"
396;"(02)第004295号"
397;"(02)第004297号"
398;"(02)第004299号"
399;"(02)第004300号"
400;"(02)第004301号"
